1;Helga;Karolyi;hkarolyi0@princeton.edu
2;Andee;Matissoff;amatissoff1@issuu.com
3;Brennan;Hyman;bhyman2@bing.com
4;Codi;Dommett;cdommett3@behance.net
5;Mile;Kennaird;mkennaird4@edublogs.org
6;Henrik;Fitzroy;hfitzroy5@webs.com
7;Noell;Boal;nboal6@gizmodo.com
8;Zorah;Sewards;zsewards7@springer.com
9;Rosy;Duck;rduck8@vkontakte.ru
10;Creighton;Hankey;chankey9@flavors.me
11;Alexandre;Boichat;aboichata@unblog.fr
12;Royal;Laird-Craig;rlairdcraigb@kickstarter.com
13;Susanetta;Dobie;sdobiec@ihg.com
14;Sylvia;Tight;stightd@scientificamerican.com
15;Morgan;Gurling;mgurlinge@surveymonkey.com
16;Dante;Willment;dwillmentf@livejournal.com
17;Hyman;Joice;hjoiceg@un.org
18;Auguste;Ledgerton;aledgertonh@oaic.gov.au
19;Selinda;Dobble;sdobblei@gmpg.org
20;Devi;Cree;dcreej@elpais.com
21;Rosaleen;Mattacks;rmattacksk@google.co.uk
22;Barthel;Binner;bbinnerl@google.com
23;Barclay;Lammerich;blammerichm@apache.org
24;Spence;Leonida;sleonidan@mac.com
25;Marni;Titheridge;mtitheridgeo@ebay.co.uk
26;Wilbur;Henrionot;whenrionotp@themeforest.net
27;Callida;Aulton;caultonq@posterous.com
28;Ginger;Luisetti;gluisettir@w3.org
29;Kaycee;Drowsfield;kdrowsfields@newyorker.com
30;Dennison;Randleson;drandlesont@symantec.com
31;Laurence;Sammonds;lsammondsu@tinypic.com
32;Marve;Roffey;mroffeyv@europa.eu
33;Georgetta;Priestley;gpriestleyw@newsvine.com
34;Jemima;Turmall;jturmallx@fotki.com
35;Chrissie;Vlasyev;cvlasyevy@hc360.com
36;Iolanthe;Nudde;inuddez@icq.com
37;Padraig;Gadman;pgadman10@fotki.com
38;Minetta;Berthomieu;mberthomieu11@merriam-webster.com
39;Herbie;McGowran;hmcgowran12@dion.ne.jp
40;Evangeline;Bulled;ebulled13@narod.ru
41;Tyler;McCarrell;tmccarrell14@huffingtonpost.com
42;Kare;Standingford;kstandingford15@independent.co.uk
43;Emory;Costi;ecosti16@wufoo.com
44;Sabina;Wrathmell;swrathmell17@comcast.net
45;Kev;Muttock;kmuttock18@buzzfeed.com
46;Linet;Carbery;lcarbery19@chicagotribune.com
47;Noam;Deares;ndeares1a@cpanel.net
48;Peggi;Bramont;pbramont1b@angelfire.com
49;Gavrielle;Whight;gwhight1c@ucla.edu
50;Adler;McPhilemy;amcphilemy1d@webnode.com
51;Lilly;Whibley;lwhibley1e@wordpress.com
52;Reamonn;Seakin;rseakin1f@so-net.ne.jp
53;Inna;Broadbere;ibroadbere1g@cnn.com
54;Frederica;Wynes;fwynes1h@pcworld.com
55;Upton;Elby;uelby1i@springer.com
56;Phylys;Spinley;pspinley1j@storify.com
57;Ursulina;Kelmere;ukelmere1k@multiply.com
58;Drona;Beartup;dbeartup1l@biblegateway.com
59;Tobi;Moffat;tmoffat1m@nyu.edu
60;Rabi;Infante;rinfante1n@who.int
61;Vassili;Mayward;vmayward1o@smh.com.au
62;Arden;Bassil;abassil1p@live.com
63;Emilie;Wyllcocks;ewyllcocks1q@gravatar.com
64;Ryun;Profit;rprofit1r@sun.com
65;Yoshi;Eitter;yeitter1s@hugedomains.com
66;Skipper;Cullinan;scullinan1t@e-recht24.de
67;Elbertina;Lote;elote1u@ning.com
68;Emlen;Marryatt;emarryatt1v@bluehost.com
69;Pernell;Gambie;pgambie1w@house.gov
70;Midge;Pierucci;mpierucci1x@chicagotribune.com
71;Friedrick;Smiths;fsmiths1y@java.com
72;Roshelle;Poulter;rpoulter1z@sogou.com
73;Agretha;Beswick;abeswick20@wp.com
74;Kirbie;Salt;ksalt21@cyberchimps.com
75;Arri;Middlewick;amiddlewick22@addtoany.com
76;Danny;Edowes;dedowes23@phpbb.com
77;Jodi;Doust;jdoust24@ehow.com
78;Rasia;Kipling;rkipling25@merriam-webster.com
79;Ely;Dubois;edubois26@theguardian.com
80;Pamela;Glencross;pglencross27@google.cn
81;Tobe;Hakeworth;thakeworth28@bing.com
82;Gerrard;Dunseith;gdunseith29@uol.com.br
83;Cary;Luce;cluce2a@home.pl
84;Dania;Lytlle;dlytlle2b@bandcamp.com
85;Rockwell;Pardue;rpardue2c@homestead.com
86;Izabel;Aronin;iaronin2d@hhs.gov
87;Cesya;Crannell;ccrannell2e@example.com
88;Betty;Blankhorn;bblankhorn2f@hubpages.com
89;Faith;Minett;fminett2g@netlog.com
90;Leif;Welsby;lwelsby2h@photobucket.com
91;Collette;Claringbold;cclaringbold2i@microsoft.com
92;Roderic;Beccera;rbeccera2j@adobe.com
93;Federica;Tomasik;ftomasik2k@accuweather.com
94;Sergio;Eversfield;seversfield2l@so-net.ne.jp
95;Yorgos;Smitton;ysmitton2m@example.com
96;Griffin;Hallin;ghallin2n@admin.ch
97;Jocelyn;Fonzo;jfonzo2o@timesonline.co.uk
98;Margery;Walklot;mwalklot2p@php.net
99;Berton;MacDearmont;bmacdearmont2q@g.co
100;Stoddard;Flatte;sflatte2r@dagondesign.com
4;Jane;Doe;janedoe@gmail.com